Precision@5,Recall,MAP,Evaluated Items
0.9951564076690212,0.0722661778320522,0.9974268415741675,3964
