Precision@5,Recall,MAP,Evaluated Items
0.938042381432896,0.06670128049960378,0.9286839892364614,3964
