Precision@5,Recall,MAP,Evaluated Items
0.9960645812310798,0.0726948874087184,0.9983350151362259,3964
